,source_id,x,y,z,phot_g_mean_mag,bp_rp,new_mass,parallax
0,5350316459455740416,139.5149608202432,-429.792882289604,-5.071820735765954,6.4465733,-0.1773705000000003,5.6201868468311895,2.226400303021708
1,5350582163304165760,123.59723429846888,-412.1810461054126,-4.807461145872367,6.4693713,-0.1511250000000004,5.584777593718438,2.3370364694201786
2,5350632706482365184,125.07625104209168,-424.63260100051593,-5.3232810848597865,7.5274286,-0.1600606999999998,4.165010836108183,2.271291744072496
3,5350637138888956032,132.012354157801,-444.9996673262663,-4.205058678460887,7.8844485,-0.0796985000000001,3.7725157226445094,2.166559806529387
4,5350588691654545792,126.03088508520186,-421.3647707095849,-4.353345911014657,8.017919,-0.0740850000000001,3.635475771523883,2.2857543222878265
5,5350629236148900480,126.00875574179535,-425.5000440708624,-5.077207081106621,8.506429,-0.0822510000000011,3.175007921375858,2.265018079154831
6,5350641708734155776,122.33511842282576,-416.7949916716185,-3.698185673394335,8.795532,0.0118760000000008,2.9304674924125527,2.313619777685308
7,5350612361197763200,130.24013827146626,-434.7351637205954,-2.614038893109779,9.001647,0.0890040000000009,2.7677109419038137,2.214959846326868
8,5254502817199209856,125.89795003633114,-420.3766762416414,-6.223646092301806,9.209081,0.0041949999999992,2.6130381240323177,2.289747764080644
9,5255256463708243712,116.00862405338354,-418.1006119259421,-9.767720545862744,9.356853,0.0216744999999995,2.5081531216433715,2.3148536365265
10,5254572739270229248,120.02751677099306,-414.3607186738059,-5.613671210512848,9.36042,0.0313160000000003,2.5056740823163848,2.328878405282796
11,5350630851056722816,126.3716653069491,-426.4284204742224,-4.615741335325907,9.42652,-0.0020740000000003,2.4601759170840736,2.259345187593634
12,5350784400411338112,126.8362142072204,-436.5241355373467,3.0174653492831567,9.448619,0.0107230000000004,2.4451496853054926,2.211173220324705
13,5350619168744060288,127.83074913572403,-431.834606930447,-1.468837905766435,9.495802,0.0436289999999992,2.4133740191113606,2.231605653474852
14,5350655280830851840,126.0415313679754,-432.7027815732655,-3.2028454004014577,9.704404,0.0378349999999994,2.2777655577573563,2.2296720897021087
15,5254500996132978176,128.89758381208736,-429.8510696233269,-7.117033171946076,9.811524,0.0410109999999992,2.2111174361744617,2.2387549311121933
16,5350631263373630336,128.77221826082362,-434.6930236887389,-4.485363232149865,10.014358,0.1063550000000006,2.0902135712298535,2.216244728253636
17,5350583846931421696,125.46983281130012,-420.6263399508999,-4.378780541047917,10.06091,0.1503410000000009,2.063411363162704,2.288829187803465
18,5350583778211917952,128.91713748187527,-432.88475437556144,-4.612156283828369,10.270535,0.1453330000000008,1.946915208203887,2.224460833315416
19,5254455813083105152,128.0366438295787,-422.1997743613232,-10.618060466038884,10.4034,0.2228840000000005,1.8765067708998968,2.276523054845589
20,5254459931913633152,124.76823277598808,-415.3944926107982,-10.542892368169078,10.404794,0.2213019999999996,1.875781717540024,2.3154753295047503
21,5255314600372542208,121.7435974485318,-423.448839314664,-7.242561067226575,10.578854,0.2554630000000006,1.7874155529113172,2.2800066923925075
22,5350643186202947968,124.59791346678104,-425.64034216310944,-3.2507780758816978,10.607701,0.308313,1.7731781185284912,2.2658498797636595
23,5350638753800448512,127.82356329636124,-433.2098219597013,-3.655705536969066,10.627131,0.259746999999999,1.7636524167275416,2.231035536323176
24,5254290096060100736,131.44579324493145,-423.8781943214284,-8.259144138790703,10.63442,0.3314425000000014,1.7600921445447562,2.263983283909136
25,5351403292337298304,123.07921524590138,-430.5248450476976,-4.174356410775289,10.679179,0.2852439999999987,1.7383868813088177,2.24406832863413
26,5254500583816102656,128.1016258101794,-427.2566144768382,-7.181436697740168,10.749158,0.3359719999999999,1.704986668781791,2.2527209233488787
27,5350641743094035456,123.46857544546728,-421.1531894677071,-3.7909097117091335,10.793421,0.3768290000000007,1.6841925314192994,2.289856002989789
28,5350618275390883200,127.42327199165348,-428.8686994592489,-1.4354843512689683,10.810051,0.3422809999999998,1.6764456978921274,2.247042376719184
29,5254546935110368128,127.82981207981906,-432.7102863296863,-7.403801424183939,10.819763,0.3219340000000006,1.671938001985017,2.2331059011052505
30,5338304672910263936,141.0579190717699,-429.6063278652201,-4.656175607986711,10.855632,0.3261800000000008,1.655394673417792,2.225859734628978
31,5254556761992008960,124.80914217855404,-425.0670186338385,-5.61819407178686,10.872923,0.402749,1.647478375307499,2.272316656854654
32,5254488003818122496,128.71503938483022,-424.697850916552,-9.066962523048376,10.884161,0.3656709999999989,1.6423536171412771,2.2686334176837444
33,5350562509540150912,127.73380734204326,-419.0544333834181,-6.260771312620761,10.9064245,0.3591099999999994,1.6322480307928762,2.3002657370643003
34,5254544388146763264,128.3326254459364,-433.93436192289073,-8.53176186531141,11.019636,0.4038889999999995,1.5818144057460952,2.232152083798561
35,5350588726014294272,128.67250563132822,-430.2039530377924,-4.382108734082237,11.022856,0.416132000000001,1.5804029783440987,2.249818934560547
36,5350589688087046016,128.2417832995165,-430.0293402628816,-3.678201252093743,11.025732,0.4523679999999999,1.5791434017737005,2.251144135695516
37,5350678709852531840,124.34175479748296,-428.3476609289036,-0.1399969747903924,11.056804,0.4576740000000008,1.565598914562821,2.266477508196592
38,5350379578297617408,130.51356869388547,-423.782415512535,-4.656846223599132,11.110117,0.4489959999999993,1.5426295422116625,2.282037761805474
39,5350637173237154048,127.5595481306552,-429.76606432432806,-3.965463947035033,11.131796,0.4469910000000006,1.5333860209055592,2.2584361822347727
40,5254539891359606912,122.72740760234976,-411.3115448921928,-8.194766047268729,11.158845,0.5167559999999991,1.5219304599240415,2.357599679505467
41,5350305597453513472,136.54998787073666,-423.2418132305294,-5.378170862290574,11.211684,0.4949309999999993,1.4997988320864206,2.2792756901667315
42,5350372294032416512,133.86697259835853,-434.1102008227582,-6.089891374983552,11.420641,0.6247369999999997,1.1957151293754578,2.232324640066488
43,5350632259806068864,126.6951413511213,-429.0876598714951,-4.221502341865062,11.430488,0.5418585,1.4115266503356108,2.2681476065247383
44,5350695481725688704,124.134875753662,-434.27442334960654,-0.0917979916920899,11.489039,0.6989419999999988,1.2019022703170776,2.2443428613719405
45,5350637070169457664,128.1130472239567,-432.29302579657184,-4.237374112161064,11.494692,0.5880029999999987,1.3866247318672038,2.250640057035276
46,5350578521171925376,129.65640856474664,-430.3945655625169,-5.013892598202119,11.552364,0.5985839999999989,1.364631061526749,2.25805762912377
47,5255586729487449216,114.6898099285148,-436.9035924088371,-7.178290266267908,11.553918,0.6012065,1.364043283027889,2.2469258253265285
48,5350670639635105024,127.77129708883928,-436.9033198662888,-1.2184364503225993,11.606297,0.612722999999999,1.3443790533390385,2.230950913742064
49,5351430054251413760,122.5921229496005,-439.3880381466985,-2.653946648666505,11.653486,0.6407710000000009,1.1488017439842224,2.2262961683545672
50,5350585152601550208,130.8198291529245,-434.5058718513994,-4.222514174040697,11.687898,0.602392,1.3143075536058302,2.2389366805037736
51,5350638547638241152,130.77615925439787,-443.7801438283948,-3.90682803561964,11.758395,0.6254609999999996,1.2888702180059386,2.19684218682735
52,5254515530303517824,132.45329021947765,-442.4272335701437,-9.776014993585136,11.794738,0.6505349999999996,1.2759495510350634,2.199727142067628
53,5350690254727196928,124.40067536907544,-430.1769368581224,-0.424752101721765,11.8714695,0.6487770000000008,1.2490938105097509,2.267212725586698
54,5350595456206519040,136.3376602176062,-445.53764311565226,-2.663073791582292,11.873419,0.661090999999999,1.2484189066415663,2.179784223531105
55,5350509870421822464,130.44581210040258,-424.39329624466905,-0.6377782125169063,11.875929,0.6473510000000005,1.2475504983897587,2.28621831300052
56,5254495528598803584,135.6389024252576,-453.8929236463123,-8.060005501909728,11.932354,0.6411809999999996,1.2328918775826687,2.1433256508224923
57,5350642907005169280,126.87561093803984,-434.2340623191943,-3.690722187475046,11.966692,0.6891479999999994,1.2240556587400364,2.2409249288630684
58,5254496593752702592,129.71566965843903,-428.9997990580274,-7.278085147284088,12.126575,0.8215979999999998,1.1009550094604492,2.253438957153881
59,5254532946354938112,126.72528132939532,-433.5298265994867,-9.264439378490351,12.127157,0.7145489999999999,1.1835952370468463,2.239657429159315
60,5351508428814575744,120.515086620881,-438.747498106197,-0.3954085716133306,12.164942,0.6970270000000003,1.1742641440733574,2.22375664007792
61,5254503057717419648,128.32253680269469,-427.9323109657059,-6.10641094634974,12.194788,0.7131759999999989,1.1669456368415831,2.2632180774664383
62,5350593875658556160,133.49110619420657,-436.2468261275434,-3.2158102655707808,12.195541,0.6973610000000008,1.166761585578581,2.2171895594406035
63,5350618374151972224,126.92214588622932,-427.9059967796573,-2.035671779893704,12.221864,0.7213539999999998,1.160345824700563,2.2644794407547413
64,5338295258341106048,139.8611453605265,-419.15010367988,-4.040328684683601,12.227042,0.7367879999999989,1.15908793826285,2.286811108387507
65,5350391737319208448,136.74013112930544,-433.2792310986578,-2.5290761101488783,12.293176,0.7182310000000012,1.143141492376707,2.2249028538013818
66,5350406030970030464,132.5790860437363,-431.9493772355929,-3.1367713315504204,12.295219,0.8186490000000006,1.073554754257202,2.234051811149287
67,5350573603413160064,130.21163439173762,-429.1231534533746,-4.034028880391446,12.316742,0.724437,1.1375123553319533,2.253326115597634
68,5255599408233315840,116.67955044274356,-440.1854475197487,-4.943748647846348,12.445091,0.7571589999999997,1.1073370962650169,2.2174949191667324
69,5350398682313767936,131.53516123763578,-422.1132129193536,-1.9307149016039773,12.529695,0.7922049999999992,1.0878854865051817,2.282275344543791
70,5350588863453276672,126.52768091708884,-422.93924438911006,-4.11070323637847,12.565468,0.7919839999999994,1.0797639195717377,2.285329118619477
71,5254557139949145728,125.82111446156776,-429.3723459567216,-5.572005667066065,12.614541,0.8603850000000008,1.0322311520576477,2.253086578910905
72,5350582300743079552,129.57461003786412,-433.1090980103087,-5.204143734551366,12.622376,0.7811560000000011,1.0669688215739457,2.232063945714667
73,5350410536423524736,127.837721214637,-411.03525133171865,-1.7281714494744165,12.704318,0.8165469999999999,1.0488109966714525,2.3421325058086464
74,5350583361578934400,126.80692857195947,-425.3496255535101,-4.736606137929584,12.7366085,0.8112309999999994,1.0417407998678962,2.271824106502004
75,5254484950134199424,130.2505924314342,-426.6998369836018,-6.847999739671991,12.780962,0.8221814999999992,1.0321069671232168,2.259777373245932
76,5350596624438139392,130.28432894180608,-427.9302614186417,-2.618817050797361,12.784692,0.8081465000000012,1.0313008626329332,2.25437927317152
77,5255331952039937280,123.96401187491914,-438.6998190426251,-7.130589152391167,12.823359,0.8158060000000003,1.0229813923411508,2.211648804444024
78,5350596903634100224,128.25364640136428,-420.9252959414016,-2.261361647096436,12.857942,0.9812570000000012,0.9966516494750975,2.2877741978135626
79,5350641433856242944,131.0960466417103,-445.4550594669034,-4.067373117095116,12.862247,0.949738,1.0198122262954712,2.169030024496297
80,5350615079935000960,126.10391998280056,-422.5494191380944,-2.858718218015809,12.897416,0.8440660000000015,1.0100558488425515,2.285362563214896
81,5350574398003791616,129.46903329377255,-427.5209662258205,-4.018178480406618,12.931114,0.8638195,1.005349012185563,2.258577487659795
82,5350715066776635776,129.5820230274945,-431.8109577971667,2.0668886886748794,12.958598,0.8647179999999999,1.0015263729779926,2.240715055667489
83,5350610784967746304,129.46981606989505,-429.8043454807808,-2.8856387064295177,12.958967,0.8408575000000003,1.0014751492556877,2.250566580569516
84,5254569303296548096,126.1884505477184,-433.2079997211311,-5.398131170456168,13.05837,0.8803850000000004,0.9877712332772812,2.247146202251733
85,5255329031462388096,122.13166246633008,-431.6739875049231,-5.303298991296884,13.073563,0.8817674999999987,0.9856932780429482,2.261288630379969
86,5350584431047021440,130.43735775525465,-432.34322561647696,-4.472908397606801,13.107413,0.9195519999999996,0.9810793001452152,2.249005751468965
87,5351402983100122752,123.57621819081034,-430.9164860269509,-4.121913562545302,13.107565,0.8986730000000005,0.9810586303292338,2.265342811915931
88,5351402742581454720,124.89919006440698,-436.7662817693044,-4.620757411758973,13.124618,0.9442330000000004,0.9787424302761936,2.235768219047489
89,5254260782867728768,137.41088437612865,-430.7819732669633,-9.87890658360385,13.156116,0.928236,0.9744786268379944,2.245695371872954
90,5350695825323080832,124.00240337609092,-433.4457832495121,0.0783982953432484,13.165702,0.8923670000000001,0.9731846850660152,2.2530263015445646
91,5350382979913459840,137.78641603548022,-435.73094009376655,-4.010583918156442,13.204741,0.8905969999999996,0.9679328274715256,2.223111390086067
92,5350591509153268736,129.71374199715405,-433.9143684182761,-3.1794456393917585,13.317444,0.9141315,0.9529295416762344,2.242953139834885
93,5350664351802884224,127.99759134955956,-433.8047177034289,-2.111522543968107,13.325547,0.9317049999999992,0.9518598558351858,2.245842898735089
94,5254531576302590848,127.57280447221004,-433.6624475175626,-9.415953759310554,13.330005,0.9997950000000008,0.9512718625225656,2.246206872370556
95,5350665107717108864,124.60373915030226,-423.6243310869788,-2.116171683889291,13.339901,1.078614,0.9203292727470398,2.298993914559088
96,5350509492465234560,131.82962315835607,-427.8664995798839,-0.8117604117828705,13.358287,1.100213,0.9215212762355804,2.267949702592794
97,5350646897054291584,128.02135708537355,-440.2925585597002,-5.2380742702328575,13.363381,0.922867,0.9468812184205648,2.2156583878572085
98,5254501889486412288,129.74852591500488,-433.4880037381114,-6.921260187269326,13.364948,1.1040140000000012,0.9170735478401184,2.2439137235494284
99,5350584293608030464,130.4357036484701,-432.3303724679024,-4.720647055704859,13.372269,0.9318299999999996,0.945715414415183,2.2492540616837964
100,5351406655273427712,121.58380352724951,-427.4161004745328,-4.575093613632475,13.372903,0.948551,0.9456323099942192,2.285064733425625
101,5350636898370761216,125.7853496992903,-430.47466632126327,-3.880924552016808,13.392905,0.9738640000000008,0.9430142034574442,2.2644820686954743
102,5351418960377759616,123.58924447265032,-438.8826833108899,-1.9665563103067711,13.50355,0.9671790000000016,0.9286620358702476,2.228133474146411
103,5350668509331250944,127.5045818166198,-434.8589811056743,-1.77132242444344,13.505058,0.9406440000000008,0.92846794409607,2.241788262680307
104,5350591028116877440,128.23012382329844,-429.2959832623529,-3.510954796498652,13.559128,0.9881669999999988,0.9215354366010472,2.266832255618448
105,5254569165857535616,128.82340289010338,-442.0207133198206,-5.74628206804212,13.62397,0.9850779999999996,0.9132900366139012,2.20679589548096
106,5350683936854172160,126.42284534476528,-436.021703684939,-0.8545856420347206,13.660933,0.9789330000000014,0.9086228264949822,2.237877259912395
107,5351413462820077056,119.62447979450153,-418.829688978342,-2.2286868285882235,13.684984,1.0177250000000004,0.9055987932371752,2.3306992229355585
108,5350712867752726144,129.43647064789693,-430.6583377989252,1.29485430934767,13.724316,0.9931819999999992,0.9011865388170214,2.258983729227273
109,5350614770697539328,130.28510572669052,-436.09279931778417,-1.7767781456916794,13.738623,1.0179169999999989,0.8995869205034183,2.232213211740808
110,5351413462820077696,120.29613987111388,-421.3218840626091,-2.228232750229012,13.790748,1.2499580000000012,0.8541616797447205,2.3164891210709
111,5350629785904629376,127.95453162608126,-433.40904886174826,-5.407838283774254,13.820984,1.058171999999999,0.8904334744092426,2.24765484559562
112,5350584121809328128,129.7015163446512,-435.7478904793413,-4.481739711756234,13.856822,1.0466909999999991,0.8864796437435858,2.2344783660834184
113,5350616282525895040,129.03224270724996,-433.826706748335,-2.520419697060646,13.874769,1.0699439999999996,0.8845062415507815,2.24440615249817
114,5351473076969180928,122.55457842839188,-444.5621953515519,-3.71055724220102,13.935465,1.043398999999999,0.8778647720918897,2.2035407885041804
115,5350580651475563392,129.19048096935046,-431.7143273320876,-5.601100524592994,13.945414,1.0517959999999995,0.8767809010109957,2.254009822635573
116,5350413933709947904,135.9879661122421,-442.28972998774367,-2.170202561237602,14.011238,1.0531499999999987,0.8696434939732584,2.1963565795045694
117,5254488283029304960,131.3642751356083,-434.5321479840118,-9.253358074312844,14.068209,1.1246299999999998,0.8635129554979198,2.237344051352566
118,5350579792482289024,132.89093215881394,-442.9378864717479,-4.7990056791907705,14.070377,1.0958490000000012,0.8632805167662595,2.1974329986986216
119,5350359993246257920,134.75203569428925,-427.66300005495367,-5.942007982604224,14.108995,1.1133579999999998,0.8591506158135679,2.2651426969950035
120,5351412225869383552,124.9239410090132,-439.03109912316495,-3.216186448716229,14.126492,1.119676,0.8572859543158167,2.22580062916517
121,5350385007137628288,133.8402425068648,-423.5992196700885,-3.423879869501775,14.13224,1.16193,0.8566742714661124,2.2860607289384776
122,5350647275011423872,126.65128819825306,-436.7220314375552,-5.0976388014381655,14.193301,1.1722650000000012,0.8502032474195688,2.233950471768712
123,5350335460390629632,133.14619422521577,-418.5523176672705,-4.231666896182617,14.201514,1.1387920000000005,0.8493366009734498,2.3119452066073203
124,5255319342015909888,124.06696266274128,-436.5872037127534,-7.599282654589075,14.210182,1.1322229999999998,0.8484229004917437,2.237978151742161
125,5350578040135560704,130.72360829272824,-433.3065643458422,-5.221470699451203,14.232369,1.1593789999999995,0.8460886274208005,2.244366433423244
126,5350575119558077440,130.6233811917215,-431.9308631391226,-3.393504136117741,14.242286,1.1851749999999992,0.8450473472216132,2.2509948648435283
127,5350631022855658752,128.69410193839434,-433.83704591042647,-4.632977940325759,14.2545185,1.1517149999999994,0.8437647057310278,2.244815300684071
128,5351402433344302080,123.44852286756635,-430.28212774649535,-4.520341533091084,14.257892,1.1304029999999994,0.843411319253516,2.268936317225576
129,5254569784332788352,125.890784913061,-433.4845610299178,-5.7015620408630525,14.267212,1.145289,0.842435784217702,2.250252421411836
130,5350628338476325120,128.5305538549094,-432.275510469677,-5.622542366132507,14.280067,1.137499,0.8410920879120448,2.252354955477477
131,5350647584249203072,126.2042711627006,-434.3192246352138,-4.632082324564919,14.300971,1.1612849999999997,0.8389116274377434,2.245955815120656
132,5254553291658141056,130.6793404116233,-443.315362605994,-7.058650269832526,14.307858,1.1571240000000014,0.8381944949056146,2.198523944949544
133,5350375386409203968,138.5209436674416,-443.728554915236,-5.097984323924379,14.308338,1.195696,0.8381445361148637,2.1862473679281247
134,5350588691654551296,131.2611817231357,-439.03367243752297,-4.496023538469274,14.327559,1.158448,0.8361464438728726,2.217411460102212
135,5350559829474909696,134.80726966412576,-441.117839057166,-6.312015582300205,14.331031,1.4779785000000007,0.8078813850879669,2.2021871833420064
136,5255568415747256192,116.63915165940074,-440.9182820703701,-7.711323271769714,14.33708,1.1778329999999997,0.8351584664342099,2.2271969206293174
137,5350581166871632000,128.39922257179953,-430.3952471732893,-5.5346359180118725,14.338258,1.1829054999999986,0.8350363086254334,2.261366954553908
138,5350639234833053696,128.07547874893288,-432.12689833246,-3.4246397862953017,14.360315,1.1858179999999994,0.8327523091452079,2.253817285578024
139,5350567560416174848,134.4473634981727,-439.2274531613824,-4.71914716551035,14.367992,1.1839519999999997,0.8319588232431605,2.212062094421776
140,5350640677942067200,131.3252257925762,-446.3774290179476,-3.313634818484786,14.371008,1.2948000000000004,0.8316472998491562,2.183943235434576
141,5351411676113617920,124.9124651246904,-436.8784860045935,-2.976367525283024,14.389191,1.2206329999999994,0.8297716432232043,2.235746557208137
142,5350707301475024128,130.2413439859862,-434.575314835104,1.1590406011007417,14.393929,1.2021049999999995,0.8292835927784638,2.2395152429301888
143,5254515525973236096,133.54628784265225,-446.1163600844399,-9.86019876975729,14.430085,1.1797109999999993,0.8254337498165176,2.1820321905430413
144,5350643186202945536,128.85215593556123,-440.6241862009013,-3.3726533035429043,14.455774,1.1976019999999998,0.8227092843694546,2.213395593929326
145,5350635008585038720,129.9165909377428,-441.6530675428434,-4.702901822127359,14.470667,1.2483140000000006,0.8211339162657613,2.207089049304769
146,5350667066222262784,127.39077262352222,-434.0438618028443,-1.6290889398106572,14.492262,1.266031,0.8188549734036886,2.245781646863453
147,5350592333787235072,130.1145186719367,-437.77440487463696,-3.4478409972854536,14.514348,1.2951510000000006,0.8165307568966099,2.224508832495413
148,5254521229683170560,131.09983727525264,-444.6641292049889,-9.249698305954468,14.524174,1.2649599999999983,0.8154988409245971,2.191609920658613
149,5350638478918743680,129.22013650178826,-438.8911945876348,-4.016217087700085,14.547798,1.2425429999999995,0.8130232074630078,2.220743993197311
150,5254568100705497984,125.06807532696432,-430.6301269220794,-6.108112156337455,14.560563,1.2794274999999988,0.811688651857052,2.2648080769908585
151,5350572954894749952,129.94524443734605,-429.317300167226,-4.350001442979021,14.662309,1.3003730000000004,0.8011293283045459,2.2644009084383003
152,5350616316885604736,130.4906021778559,-439.2431417358273,-2.7004528063938267,14.664521,1.272074,0.8009012964414938,2.2176017260122283
153,5351476478583825664,113.45788332575272,-412.9650092725293,-2.523995012704063,14.755197,1.4845724999999987,0.731849193572998,2.369235343637328
154,5350591199915558016,131.0092221475963,-439.38002785916126,-3.605698940350294,14.767259,1.3694379999999988,0.7903813938002842,2.2160935197219804
155,5350628583313740160,127.31194589998482,-429.1094973326097,-5.632862199145222,14.793059,1.3742525000000008,0.787761370236583,2.2690104877835937
156,5350558038454538624,133.71550556409125,-434.6568533099629,-6.554837100813785,14.853099,1.385136000000001,0.781697803698712,2.2339349797866777
157,5350650333028178048,129.62648613817805,-447.9354878721109,-5.038293061485859,14.933447,1.6112850000000003,0.740005224943161,2.1794222264768184
158,5350648752480915328,125.41664578963932,-430.72731963005583,-3.946007987118378,14.95244,1.4086599999999994,0.7717674718065325,2.2641909460504013
159,5254567172992404096,130.39591993785083,-447.3284418543078,-6.923378715574046,14.958776,1.415552,0.7711384087500814,2.181045794870964
160,5350666104149616768,131.15049342302734,-445.2690738999973,-1.5881470060875245,15.008227,1.4384910000000009,0.7662463037184474,2.1896174335784155
161,5351402948740399232,126.56527315356792,-441.4209821445221,-4.313955755436041,15.043665,1.4481230000000007,0.7627595826153971,2.2127761199541074
162,5350405588621365760,135.68817640699737,-440.8215088076397,-3.4452825476020053,15.089829,1.4726620000000017,0.7582413225025861,2.203430181818385
163,5350559348438574720,131.79304778505974,-430.7792627594574,-6.337976711490455,15.123621,1.4819630000000004,0.7549509359264774,2.2549622333485857
164,5351406693951832320,129.39339864012322,-454.8787987721412,-4.776828717946614,15.12445,1.5818100000000008,0.7548703944310922,2.149656555732542
165,5350638066601933440,127.56667028293988,-431.4634506356887,-3.5197130799487297,15.128349,1.4952330000000007,0.754491702311504,2.257837640219071
166,5350639956387607808,128.90560155511136,-435.8430234844701,-2.8650450670610894,15.187062,1.51994,0.7488120917155782,2.235552778905931
167,5350573642089566592,129.12447936248154,-425.3435084423373,-3.85559592850916,15.188343,1.5144780000000004,0.7486886517541463,2.28498134031759
168,5351485515195001344,116.43364336714086,-425.7388343413624,-0.7693983393010058,15.191931,1.5286539999999995,0.7483430125353001,2.301036651304821
169,5255326106557296384,122.96199317514213,-430.6727812691001,-5.440303768055145,15.316998,1.5966869999999975,0.7363942599269816,2.2680459653986578
170,5255394074450723328,119.21921641674751,-432.50962761840935,-5.3367111457640135,15.327695,1.5916429999999997,0.7353811814682215,2.264259227357801
171,5350583468980299904,132.17687336867448,-444.2865152674467,-5.219023461098061,15.346949,1.6225820000000013,0.7335612077746133,2.192696049461824
172,5350395276378229376,135.1689855107146,-430.5388528051533,-2.634265289195298,15.3732,1.626812000000001,0.7310871012456596,2.2518153044118
173,5254560197965447680,127.91047685783666,-436.2552383007233,-7.079192332871457,15.374272,1.5873960000000018,0.7309862448260985,2.2348946126844265
174,5350615354812912768,126.93940977616468,-426.314385623337,-2.797255402629645,15.3862295,1.6085770000000004,0.7298621962826082,2.283758166054833
175,5350571889742866048,133.80121192404116,-440.061427983494,-4.520957650443847,15.402663,1.639100000000001,0.7283202069751107,2.209711845396942
176,5350633324957795968,127.04768398756435,-431.3679602763367,-4.884800129461695,15.420201,1.765338,0.6854265332221985,2.2595731091675546
177,5350657342415208576,127.21576838798012,-437.0770833985772,-2.616068020000313,15.446849,1.63288,0.7241902797737212,2.232446370132652
178,5350299176505177728,139.70580578098867,-435.23416171590793,-7.670331088259189,15.466432,1.868379000000001,0.6796979010105133,2.223372348529048
179,5254557036869914752,127.30287228159176,-434.49707356467457,-5.687564776355941,15.513466,1.6709950000000011,0.7180080236552393,2.244296062653168
180,5254542983736302464,127.53813805610866,-428.80413747517787,-7.910937949660706,15.5410795,1.6447590000000003,0.7154609067051206,2.271464141250197
181,5350583091017180032,130.35055360779393,-436.8246766268486,-4.53815379873484,15.584404,2.192801,0.7114827776347538,2.2321639807763383
182,5350673697651890176,130.52291702803888,-445.07135550250257,-0.811401899639975,15.640769,2.269172,0.7063403373024453,2.195205789465005
183,5350630370020303872,128.5526552638184,-436.064832818344,-4.931533959115654,15.719129,1.7780330000000006,0.6464731693267822,2.2358702855876387
184,5254570334088697216,126.73752148132228,-436.37528250190815,-5.366652910078301,15.766482,1.7981520000000015,0.6450062692165375,2.2370635180315825
185,5350568488129099648,135.70560061795396,-444.3485980647303,-4.613526160874443,15.809678,1.7976340000000004,0.647109866142273,2.1886805351921303
186,5350633634195431552,126.53822728898932,-430.7466579920856,-4.848540427610317,15.837832,1.8442370000000008,0.6886517496280967,2.2639509148659696
187,5350617038440172800,130.101709817203,-439.23897593476784,-2.2500151507386192,15.890885,2.008668000000002,0.6423509418964386,2.220434200944938
188,5254500446377127680,127.16846290968073,-424.2255266968245,-7.307226541820057,15.924296,1.890711,0.6810311267562071,2.293612292956675
189,5350574088766190720,132.8045553474389,-437.6380890147628,-3.695844200246057,15.927321,1.8664220000000016,0.6807660464865081,2.222426330368972
190,5350661121985907328,125.8227163547818,-439.54256270738153,-2.824709002218327,15.994411,1.9186379999999976,0.6749134078503822,2.221430604405833
191,5350573710809039872,128.60747820377344,-423.82634593700624,-3.869957466341901,16.007517,1.935739,0.6737759859010832,2.291615384505335
192,5350613155790308096,130.93270540480012,-436.138411530539,-2.413680234470121,16.036127,2.227561,0.6492064595222473,2.231417841927076
193,5350589619367558144,131.6154678070783,-441.12952956339126,-3.8658615020481193,16.068714,1.9486019999999995,0.6684902415686665,2.204354319909701
194,5350588554216057984,127.79819217156128,-426.9881004140448,-3.105865062668641,16.069075,1.9526019999999988,0.6684591844055623,2.275707789274436
195,5350625525295777280,132.1285944306416,-446.0854086244449,-0.9040556458418224,16.07866,2.083824,0.6278475224971771,2.182055761844448
196,5254491169220775168,128.97606285007004,-427.47244052882746,-7.788027991237556,16.08913,1.823874,0.6667360989497892,2.2789205002938084
197,5350501624085022080,133.23105641092337,-427.33461357166,0.7736477599880232,16.09084,2.3317130000000024,0.651435375213623,2.2694388634565734
198,5350591337354538496,126.82775320196578,-425.548245115663,-3.309024613372742,16.118973,1.998892,0.6641802668963214,2.283362905196667
199,5350670399116892160,126.01635702949748,-431.1473525656248,-1.477932464821606,16.12231,2.0156550000000006,0.6638950872544928,2.263823661861251
200,5350373737141693568,135.30591163735772,-433.3324559751467,-5.294479456068103,16.165684,2.053409000000002,0.6601994703089253,2.236887598162187
201,5255316936834813184,124.33491311528536,-432.8984446989936,-6.447014770875711,16.173853,2.39977,0.6515641212463379,2.2560278444635777
202,5350577382984199808,129.91366717679932,-431.89832912660313,-5.669155618350459,16.204002,2.0369600000000005,0.6569517606497788,2.248464391104932
203,5255561818677955200,120.33603699376404,-449.8663737147094,-8.88549138351442,16.215517,1.9824550000000016,0.655978912047707,2.17794742597645
204,5350673182255878016,124.37908009420784,-422.6860450683682,-0.4276099892258003,16.268213,2.0436309999999995,0.6515452222792271,2.300267337766952
205,5350582575621052928,130.83828422153425,-436.65403940385227,-4.94307137314928,16.325306,2.0385479999999987,0.646775397049865,2.224505024124245
206,5350573951327249024,132.93428019905318,-436.883194539818,-3.634624957503121,16.330704,2.093708000000001,0.6463262328605581,2.220657145235536
207,5351474348279529728,125.58100323140876,-457.229287632732,-3.586605795077105,16.346207,2.0260655000000014,0.6450379715953494,2.140138358976437
208,5351419716292149120,123.73509958653275,-440.3517584118031,-1.538043850774443,16.354013,2.069476,0.644390284423775,2.217308245004036
209,5350583533377621888,131.7359367013982,-442.348040225571,-5.011359572217032,16.359932,2.0736690000000007,0.6438996008519882,2.197923277096584
210,5254275012147188096,130.28484062859678,-414.09419668087617,-7.678747486349806,16.364882,2.13926,0.582931250333786,2.334116782338348
211,5350617244582149760,129.86498724074687,-435.39429923584106,-2.076275440653802,16.383123,1.802793999999999,0.641980670162828,2.243404753729782
212,5254489073303373824,129.93624610039825,-430.5337225417615,-8.504757361863142,16.412186,2.181958,0.5869816541671753,2.254786759120606
213,5350635558340934144,132.31723768532424,-450.3198847331627,-4.380296468110743,16.450737,2.119902,0.6364185548353142,2.1622412985934485
214,5350665245156086912,125.48012852449148,-426.3453793575896,-1.9692230675419184,16.472387,2.128962,0.6346477714642826,2.2814825944821533
215,5350563093649735808,132.91674712581718,-436.2707858328737,-6.009104816010506,16.522003,2.257432999999999,0.5776137709617615,2.2362027006131577
216,5350373874580674304,138.2704010548198,-442.8368801986653,-5.272588374249409,16.565691,2.153763,0.6270725082152014,2.19262664797617
217,5351405697519024512,125.79175608504332,-440.8618404776415,-3.804937890164098,16.623552,2.2568420000000007,0.6224203197738107,2.213685008141641
218,5350681325513982848,130.27587732166313,-449.3289248857897,-2.194811983560612,16.629356,2.2256799999999988,0.6219555706564616,2.1768055714022685
219,5254557208668630144,128.89943111234015,-440.56546995779,-5.651286884886247,16.653677,2.2321290000000005,0.6200118632779732,2.210369743927945
220,5350696027160599168,119.76276450595252,-419.5227322564465,0.2672965101953366,16.706911,2.4260230000000007,0.5315173268318176,2.3253032850051625
221,5255335697251134848,121.36491799552032,-433.2213433988424,-5.806455437215305,16.718449,2.290804,0.614864936077466,2.2555511566080795
222,5350708400986950784,131.6353094509638,-433.77106062826863,1.55923118857487,16.738356,2.294844000000001,0.6132916817552554,2.237969442037402
223,5350586217753428864,129.0878941482278,-430.9644425274895,-4.1586730159484375,16.768507,2.3197810000000008,0.6109165043297987,2.2547539132005725
224,5350675037681797376,131.61618024075145,-446.8049582740008,0.1017114704062009,16.77299,2.291708,0.6105641375825824,2.177906202391229
225,5350657067537261184,126.16392784074728,-434.35190084881,-2.973351456259365,16.773294,2.316135000000001,0.6105402503423463,2.242806620676188
226,5350590409641538176,124.803909032602,-418.9592485569346,-3.649091101268027,16.788359,2.300560000000001,0.6093576660902056,2.3200381987954843
227,5350640368704415104,125.2618182341774,-425.0862483337149,-3.265821859791572,16.794416,2.301499,0.6088828447922527,2.2891202428362525
228,5350588485496298880,129.57905358491092,-432.7774611576229,-3.1572537369952443,16.798033,2.349841,0.6085994768172603,2.2458368608778985
229,5255294946599813888,129.00647177544397,-452.50425496731054,-8.063951110848762,16.806774,2.337102999999999,0.6079152217267525,2.1576743835543355
230,5350586767509289344,135.9902856074462,-451.903798128832,-4.086708070119073,16.832233,2.309376499999999,0.6060987234958236,2.150528666867269
231,5350387240520492288,138.26607918905833,-440.9390841667172,-3.969298627697384,16.833729,2.4022499999999987,0.6059921529815594,2.2152404997726363
232,5254573014148138752,131.6475403959106,-455.5885686780544,-6.097429868393448,16.85692,2.349447999999999,0.6043424910280911,2.141155884803937
233,5350583194096265984,127.71315460415232,-428.3406169988972,-5.114378465724627,16.862175,2.349886000000001,0.6039693078922923,2.2694209228845708
234,5350407787644654336,137.88113088223267,-448.5716797027984,-2.6139578255960885,16.874512,2.7025669999999984,0.6072149574756622,2.1879493686483
235,5350410295905648768,130.07871338422112,-421.2903281982631,-2.0170406405205483,16.876272,2.474464000000001,0.5135883390903473,2.299551254780108
236,5351404529287899776,121.30271488145024,-423.4833902783205,-3.9469823384364986,16.886082,2.405260000000002,0.6022744621920011,2.302916609973163
237,5254550817757199104,134.70757368687163,-452.2538243839636,-6.675861456051706,16.895222,2.571798000000001,0.5848519206047058,2.153635378434635
238,5350574569781975936,130.1289272451238,-430.13112051481966,-3.7068997524282,16.91397,2.776558,0.5936611592769623,2.2251907957155828
239,5350773237816661760,127.1105452867212,-435.51656128336936,2.0725091641672577,16.940273,2.4161639999999984,0.5984502723754296,2.237376469814817
240,5254545182759187456,124.60322953818218,-422.4827212910613,-8.351165507460166,16.943605,2.215380999999999,0.5982159313640905,2.3007230513159733
241,5350588176258635648,131.39783485719605,-437.9040869486034,-3.406196534958013,16.97393,2.745321000000001,0.5914040505886078,2.2234596923854464
242,5350634149591428608,125.78523102431092,-429.5102256139981,-5.055588204529897,16.983717,2.389914000000001,0.5954020282272071,2.2670319226511824
243,5254558475640885504,126.75327110180152,-434.29143318573074,-8.219632507435676,17.014456,2.351432000000001,0.5932546132856377,2.242543242453633
244,5350560482310044928,131.03305338880688,-426.8469801045904,-5.612426752178038,17.014849,2.416678000000001,0.5932272086567079,2.288791425655128
245,5350363944616575360,137.17345789210125,-437.619815004362,-4.437870666321828,17.020906,2.2861269999999987,0.5928050027291258,2.2239873996639865
246,5350581991505417344,119.36135041387575,-401.1383338365174,-4.768027360742877,17.031534,2.658099,0.4857924729585647,2.4251493162081266
247,5350663424089865600,129.6317675808732,-438.04393975446817,-2.594391349563324,17.038422,2.5271339999999984,0.5915857322148889,2.22087925139578
248,5254555353242627328,125.20111218494776,-425.2244944197512,-6.125403038213534,17.042118,2.553965999999999,0.4975448995828628,2.290621392881272
249,5351472973889915008,115.49858678149658,-418.8636871165356,-3.712913057085501,17.051498,2.539917000000001,0.497149109840393,2.3355645115806323
250,5255402939262859264,127.08549133769895,-467.9920086187519,-6.869322521425431,17.055357,2.196859,0.5904092889395721,2.092135997866884
251,5350523545599310208,139.11864777156222,-443.9950675930919,2.007338096233582,17.059273,2.4189360000000004,0.5901375848359299,2.1816077708699093
252,5350582055908740480,133.9535582569918,-447.0529059681888,-5.3173753290047046,17.064833,2.472678,0.5897520297455018,2.174039456837695
253,5254503676192621440,127.1695123976479,-426.0245322313934,-6.544344058403908,17.070711,2.484413,0.5893446970369629,2.2820881339512606
254,5350616660483022080,128.48643819807785,-432.1323985303687,-2.479571258706244,17.074312,2.3799460000000003,0.5890952944959026,2.249739260116112
255,5350559485883213568,133.22167735718932,-434.4161007246877,-6.328835996500004,17.101147,2.438009000000001,0.5872400435139882,2.246776372157927
256,5255330062254560128,130.30213635800555,-459.2847529531465,-5.164795070123034,17.104424,2.534828000000001,0.5870138871852782,2.1290622931603904
257,5350640368704419200,133.05169868956813,-451.5570767244658,-3.430166177377231,17.112986,2.661403,0.5552333295345306,2.160051667644864
258,5350579994324327424,122.00980850980316,-406.72629043146543,-5.412965830830558,17.116701,2.4725870000000008,0.5861673859635284,2.387134821299792
259,5350615831533086464,129.80277837034714,-435.5240531947006,-2.498514689936627,17.119596,2.4886450000000018,0.5859679531525875,2.232488355665553
260,5350565773709370880,132.21933255829555,-436.0267620233847,-5.358149000183204,17.132433,2.530524,0.585084445991803,2.2271238490571026
261,5255572779434198656,120.71402537929164,-453.62790675187216,-6.590906845891482,17.155659,2.454905,0.5834892995350613,2.162921571667489
262,5254539685201055360,134.80944801445978,-450.7867734184777,-9.278230364769172,17.162163,2.8499089999999985,0.5844430327415466,2.161647552670555
263,5350635107346198400,129.14844523608284,-439.3850302892493,-4.760510228216191,17.169876,2.468854999999998,0.5825150318164487,2.2159887474784794
264,5350592161988268288,128.09535234253013,-431.0810826162623,-3.2154537153209617,17.17038,2.664481000000002,0.489665076136589,2.259313114569318
265,5350291514284337024,142.75269707931605,-440.48317615769633,-6.488449144840132,17.19282,2.488012000000001,0.580946147020221,2.1594401200840583
266,5350634699347325696,141.61502915597612,-483.8810509132962,-5.313845488708438,17.194473,2.457776000000001,0.5808332800620533,2.0377964284612857
267,5350384384336731776,135.882996144593,-429.254551528535,-3.873867524896241,17.211449,2.6925190000000008,0.4815044552087784,2.2209138285964114
268,5350643598519818496,131.08376809774015,-446.0010245096069,-3.3868675782809703,17.21662,2.813229,0.5665560066699982,2.1883160840071025
269,5350573264132432640,135.02466396078063,-443.3445508123209,-4.222797835800577,17.2234,2.423567000000002,0.5788616881096426,2.208772759805204
270,5350635352182480640,134.63493046203968,-457.4194980319277,-4.617726541411344,17.224901,2.505996,0.5787595665426778,2.1302425968046457
271,5350591474793516160,130.6732625017658,-437.6403295631331,-3.297398097552758,17.236555,2.5286849999999994,0.5779672913600891,2.222236419157233
272,5254573495184571648,123.37441948959834,-426.4931336210747,-5.34845901222954,17.247175,2.514547999999998,0.5772462552415525,2.2858957225259817
273,5254555490681606784,125.48942048730729,-425.84855237812695,-6.048776558886061,17.252459,2.527888000000001,0.5768878376212847,2.2860818328713566
274,5350647786090921088,136.00838513012346,-469.4994562935146,-5.095909550887228,17.261477,2.869769999999999,0.5832669734954834,2.083667299617708
275,5350385728692115968,136.98446917221375,-435.359570632779,-3.4826656845970376,17.26195,2.558852,0.5762446148515642,2.190987532204652
276,5254506489360450816,125.93504209475512,-422.9225336725433,-11.10029553478074,17.268179,2.5198600000000013,0.575822853760806,2.2984659414227537
277,5350644732391195392,131.8989641267983,-450.93961215180457,-3.1770948197003293,17.286314,2.705527999999997,0.4890363365411758,2.1632682141741872
278,5254556998171569024,124.08448334034136,-423.2659968993792,-5.646874125854822,17.290264,2.572122,0.5743299802900883,2.299992578924529
279,5350559348438581120,137.76309218005449,-450.0504459067279,-6.621322306797822,17.295147,2.573799000000001,0.5740004283561383,2.172832244613902
280,5350650710985988736,130.41234804169812,-451.9763006020167,-4.917375701574997,17.295588,2.511134000000002,0.5739706747347563,2.159329934805497
281,5350637516846090368,132.1944317596055,-446.8125096779029,-4.034338598188754,17.314661,2.5935859999999984,0.5726853221938124,2.179776089364004
282,5254290508390614400,137.55949427296773,-444.5535520508335,-8.39954225503024,17.332052,2.495282,0.5715158306882986,2.1952239244228107
283,5255280167585620608,122.48984412047224,-426.1742530025943,-10.440089322837736,17.368692,2.73142,0.46546371281147,2.2901615387189653
284,5350369442174103040,138.53364438318306,-446.0757892733408,-6.53668009119491,17.38761,2.448440000000001,0.5677957030509841,2.1896410529097965
285,5350580750242366336,126.028665563733,-421.3230478032443,-5.359270068872803,17.395845,2.305819999999997,0.5672463572471256,2.273754823222379
286,5254546209213622016,137.5078827121963,-467.9823421552942,-8.50345883606468,17.42027,2.5795710000000014,0.5656201223079048,2.083059973981426
287,5350637688644803840,134.31192287944248,-452.9925426704044,-3.878255487319848,17.42777,2.612065000000001,0.5651217028612014,2.150044669553022
288,5351403116221069568,127.32202295601782,-444.8655010534188,-4.431735136576748,17.432,2.795774999999999,0.4569961577653885,2.1979306890130794
289,5350585736717076352,139.1525158225717,-463.7036437830924,-4.663982153415418,17.437258,2.8084719999999983,0.476298987865448,2.100085449255637
290,5254524154598304384,123.97863603535204,-423.2898221515155,-10.503286969132605,17.444197,2.870031000000001,0.4406532347202301,2.3036342736218187
291,5350582365147645952,132.99076541762855,-444.8561822033136,-5.328384568220969,17.450447,2.588214999999998,0.5636173518518142,2.1850647377921297
292,5350580376597664768,130.0094081205713,-433.532320038581,-5.637308260496468,17.457869,2.655030999999997,0.5631258601840264,2.2420469828972247
293,5255614526517369088,120.8552130641362,-463.3227556331974,-5.547533247104553,17.486153,2.593159,0.5612567932592522,2.12162589249042
294,5254520615544972032,134.47139501042298,-453.6568394809137,-9.220849084526606,17.522554,2.6662120000000016,0.5588604643485985,2.146590194434957
295,5350590787598664064,125.88834868011467,-423.9003824457843,-3.586369065262573,17.537474,2.7322310000000023,0.5578812185310142,2.295788065957166
296,5254500854359145344,134.73378570054402,-448.6420616602814,-7.196938995985363,17.542542,2.654990999999999,0.5575489805502793,2.1666134857720976
297,5350336147585436800,141.19605133467996,-442.2299007648096,-4.091163749032688,17.542578,3.055,0.540283590555191,2.154050399573271
298,5350580548396406784,133.35648369876728,-444.4964191993377,-5.500324803810258,17.545149,2.6716940000000022,0.5573781530446656,2.186748722488008
299,5350368892401126528,130.8222841297814,-421.1367360185105,-6.554254370327442,17.545685,1.6497080000000004,0.5573430373444044,2.320169792447092
300,5350596972338527872,128.21599199243903,-421.2886296604874,-2.190200036033417,17.548397,2.884041,0.4387374818325043,2.2708030249580844
301,5254512364875774848,124.99937316901168,-422.1572110171869,-10.3201365137665,17.559093,2.989538,0.427059069275856,2.306554037980883
302,5350628239716374784,133.62471252752692,-448.96299170046495,-5.91835138333235,17.561186,2.7033239999999985,0.5563284557347741,2.168705527298859
303,5254546385339536384,141.01973087048944,-476.8427104603557,-8.61170902317869,17.564363,2.6120720000000013,0.5561207408192607,2.0435509005700525
304,5254483919342072960,129.46844430569135,-425.5647704595708,-7.680989492800393,17.566021,2.7074740000000013,0.5560123701931143,2.24775039624384
305,5350568518173632256,129.9940378450057,-425.52306257445423,-4.373293979578477,17.56882,3.025456000000002,0.4339732378721237,2.24740408717089
306,5254541815505107840,137.75657377909965,-465.0184007641578,-8.70714424220455,17.585297,2.697018,0.5547539961839766,2.094080819053888
307,5350630296983346944,128.26176481867566,-434.4605180465544,-4.920491640172401,17.599018,2.9840040000000023,0.4300443083047867,2.243036942793334
308,5350640123868703872,132.86992178017783,-449.9397450795424,-3.0350211691780657,17.60595,2.7272700000000007,0.5534088892258879,2.165780258582953
309,5254483713183647104,145.42244202813492,-477.52519594268085,-8.670370663373262,17.60738,2.950477,0.5312494337558746,2.0580100107491845
310,5350575428775661952,133.43871342123933,-440.3840885500962,-6.411773363146295,17.609627,3.039556000000001,0.4564476907253265,2.172962598043517
311,5254552913704901888,131.0287226569805,-443.4682469817413,-7.210864798315868,17.621782,2.890620000000002,0.4356142431497574,2.162271544907584
312,5350637001453752960,139.89223325947006,-471.121483621478,-4.6839025408843895,17.621998,2.6645450000000004,0.5523659529377133,2.086116374365324
313,5254558132050120576,119.67439059763372,-408.758482943049,-7.413402587712909,17.624186,3.089652000000001,0.4128659516572952,2.384417639559487
314,5350641738775777792,134.96447175388684,-460.0569441700719,-4.216882272340513,17.628109,2.6462230000000027,0.5519693248211017,2.11740897926244
315,5350651226381960192,136.17046758211256,-472.25030328663433,-4.860047314599257,17.641642,3.173074,0.5564323663711548,2.0738525572506257
316,5350615045575275136,132.56824533361788,-443.5890315372283,-2.9543442043664925,17.642702,2.880623,0.4401649385690689,2.19487528744495
317,5350582644340531072,136.6569219720168,-456.6982289882205,-5.118080667915649,17.644588,2.761365999999999,0.5509011913328256,2.097609139887364
318,5350572881859859200,132.11586334694624,-435.9935686432661,-4.328966342587989,17.653997,2.658245000000001,0.5502922473742293,2.226476138783384
319,5350359095572193664,140.48754730804822,-444.84513695765486,-5.446248030175241,17.655415,1.6949380000000005,0.5502005337797691,2.143468295628963
320,5254547244344070528,132.6394772596449,-449.5546064549656,-7.498842022840108,17.668144,2.6723709999999983,0.549377929968213,2.1663423515820863
321,5350613529431211264,133.64404898255015,-444.4057501566817,-1.7712011012955031,17.672583,2.810167,0.5490913516441845,2.208663456599329
322,5350560581075333888,136.1631462630655,-442.79469451364986,-5.719486174498002,17.679337,2.711425999999999,0.5486556054905319,2.1584620174529663
323,5350585869841600512,132.32679888976844,-440.1664835986619,-4.298870617885228,17.68388,2.817011000000001,0.5483627004212684,2.207838408723769
324,5255381666252202752,120.35677890467994,-447.4705090267384,-7.52957183504364,17.714605,2.702475,0.5463858396606273,2.189937370517847
325,5350640196906076032,137.93002740899894,-466.8310811695398,-2.954090935202373,17.723322,2.5289199999999994,0.5458262827196941,2.0542731654441333
326,5350563432933624192,129.80850939855475,-427.2450819088533,-6.176362659494856,17.740948,2.7986259999999987,0.5446965942972984,2.239279410768346
327,5350590267888179840,140.53622659603894,-471.5460414140649,-4.378637622281815,17.746962,2.859915000000001,0.5443116792653646,2.0645581324339086
328,5254567791467816320,129.27076748575772,-444.1094617589371,-6.478514398135417,17.74882,2.757887,0.5441928163927551,2.195477630286403
329,5254566245279545984,132.69536027855713,-452.8585414480269,-6.93121790801888,17.749544,2.7084389999999985,0.5441465065641362,2.1535657799036927
330,5254563427780501760,130.42059012751548,-451.18618064643385,-7.872010151557106,17.751358,2.777037,0.5440304934431857,2.163700551775817
331,5350594532812055168,125.3491529487072,-411.3685042640428,-3.1816003022496204,17.757673,2.9212130000000016,0.4278408139944076,2.325288526624894
332,5350577937056319744,126.67360211562824,-419.5706812185245,-5.207869467648095,17.764957,3.0765990000000016,0.4085066318511963,2.2815067540623253
333,5254498002503632512,123.21540270422176,-406.78619758602383,-6.494309245771802,17.76958,2.570108999999998,0.542866489246233,2.401023892474116
334,5350403870634549120,131.7096419812691,-426.2169903006521,-2.4991016499558327,17.778141,2.667075999999998,0.542320480854222,2.241596980965629
335,5350505777290514432,135.38716695210042,-435.9223532227619,-0.5230068789661289,17.782887,2.6127809999999982,0.5420180243770619,2.2382521920970784
336,5350611300363868288,133.46607257211838,-443.3103891622183,-2.687474353420754,17.788408,2.749813,0.5416663903890065,2.159950565005459
337,5350722965198939776,129.7365588057752,-437.3014865186444,1.1188462692412884,17.80058,2.8089039999999983,0.5408919580680349,2.2257693328786847
338,5254503087749421440,130.17777929215086,-433.9094959087913,-6.152808307021417,17.803047,2.6905079999999977,0.5407351324566236,2.207222859562372
339,5254552810622125952,127.793956987227,-432.9197759386688,-5.759572717952096,17.811834,2.803808,0.5401769178027532,2.2484272800141776
340,5350635347864958848,124.6925122498494,-423.76979522745165,-4.346211778638008,17.817553,2.8750220000000013,0.5398139146174049,2.2963424691329126
341,5350628682074976128,131.10514621828605,-442.0031971868976,-5.699814432723315,17.817688,2.853864999999999,0.539805348684265,2.2002401889071908
342,5350406585053812096,138.69194282502167,-450.28705020673016,-3.0029271275794542,17.838358,2.646341,0.538495411527515,2.1223679368584003
343,5350577387300432640,121.53155790095214,-404.24415714103327,-5.279539749044005,17.841675,2.849744999999998,0.5382854967081476,2.400598862463205
344,5350630473099527808,136.88702675100245,-460.8790470195588,-5.3876908687499,17.851606,2.7836350000000003,0.5376575070592767,2.1117021648263874
345,5255327485274136576,125.13109862277626,-439.040009902696,-5.881644920175745,17.852755,2.9415380000000013,0.4305063486099243,2.2252508354559177
346,5255400087405234048,121.78468854665546,-444.1501960727842,-4.139984160940855,17.856503,2.880441000000001,0.5373481136102939,2.205954794933846
347,5350578482497182080,124.27703735721433,-412.10130032953833,-4.731096566967295,17.865944,2.643889999999999,0.5367521317304972,2.3728155229691827
348,5254471274957694336,135.3509980017401,-440.3572921911061,-9.37463203975912,17.867289,2.6582989999999995,0.5366672797438466,2.2188610637717754
349,5350377512389042688,134.15802723359715,-432.6319016101485,-5.469625239554887,17.871943,2.893756999999997,0.5363737764401945,2.207561161323948
350,5351416177238815360,130.74297373333428,-461.57607595850834,-2.5846336020769343,17.882586,2.9027749999999983,0.5357031815278548,2.11741349540687
351,5254565966064428032,129.4599277198297,-448.654253617603,-6.771488811736788,17.885227,2.818235000000002,0.5355369070850002,2.175386465910812
352,5350632014970320896,123.74907110620175,-419.9523417209805,-4.415410502448566,17.88659,2.8422790000000013,0.5354511143021593,2.3155862931927427
353,5350671223750621056,128.8144149337205,-441.4374207482308,-1.407707523686497,17.887934,2.9125339999999973,0.535366530914793,2.1746215985653348
354,5254547862810963200,134.7867848004689,-459.021220372922,-7.966762010189484,17.889853,2.125730000000001,0.5352457835964979,2.0900048404003955
355,5254490275894225536,125.39480523984832,-414.8712729952132,-8.144977401995078,17.89033,2.723984000000001,0.5352157740286586,2.3068902642806166
356,5254500308938189568,134.37728618421167,-447.0874426380509,-7.630243218144614,17.896412,2.796211000000003,0.5348332837751503,2.1417516324267685
357,5350302303213860736,142.25058122177956,-445.3188116133951,-6.892205618377972,17.943712,2.389913,0.5318679532545856,2.138864592267552
358,5350365486482784768,132.6422224579938,-425.0987575281107,-7.016601272930188,17.948359,2.259964,0.5315775120881728,2.290057081558478
359,5350565013481611776,129.0614688331322,-423.0565358938845,-5.179827906427107,17.953186,2.950011,0.5312759887161266,2.2607284085464627
360,5350358240884483072,143.5744374731387,-453.1057979529041,-5.371972982616256,17.960608,1.909956000000001,0.5308126997118191,2.1037609151111307
361,5351433455871995904,120.52507033484665,-433.98582471385726,-2.411209736717637,17.963057,2.786567999999999,0.5306599192336914,2.2201630710193
362,5350661289468274816,125.38298904300552,-435.1278356588911,-2.6411215296404293,17.965437,2.869845000000001,0.530511485442645,2.238900286690138
363,5350585457524719744,118.27382802145348,-393.2650463621189,-4.052675797676244,17.974648,2.698142999999998,0.5299374129046092,2.465478704913731
364,5350367277510771712,133.26251610411242,-426.4468357264958,-5.824913819808415,17.976837,2.827067,0.5298010755843157,2.238028613510777
365,5350688364942154112,121.792387026353,-424.162284382022,-0.4752747631298746,17.978285,2.979697999999999,0.5297109091861891,2.299858073146558
366,5350667508583891584,119.456817671645,-406.6864114493183,-1.3226852163152785,17.97837,2.6437070000000027,0.5297056167460351,2.359215609475903
367,5254540441115557504,139.91146313134846,-468.8084588156594,-9.026106420355518,17.98731,2.6116719999999987,0.5291492717174128,2.074401358905478
368,5350630812379416192,136.52471928341498,-460.7220321119448,-5.041549115113725,17.988253,2.846126999999999,0.5290906219750442,2.111851837087183
369,5350385174610778240,142.10671855540767,-450.0169859307431,-3.3240940023937355,18.0015,2.4175419999999974,0.5282674135519266,2.118945324982201
370,5254546758976492032,136.27131547705497,-462.35404396669855,-8.095364429089898,18.007555,2.745715999999998,0.5278915642819286,2.1054727748017315
371,5350581196917097088,126.21481304611792,-423.187410448244,-5.750339066205754,18.0477,2.7208499999999987,0.5254064166414913,2.264258980296031
372,5350631774452100352,136.79677763927566,-463.2440269977801,-5.197135991715328,18.047823,3.0954629999999987,0.4096491783857345,2.102817522742981
373,5350640467466076288,129.44711887489166,-438.72263598382017,-3.1445926291576143,18.053331,2.844517,0.5250587704607431,2.218770480640353
374,5350680981916158848,123.9467581001218,-426.26881183760327,-2.197105756424236,18.057554,2.8684449999999977,0.5247982022106957,2.25261378739142
375,5255317898886401536,124.73896743333653,-436.40006392429234,-6.526853292577982,18.064365,2.741583000000002,0.5243782211880862,2.234829670831546
376,5350578005754856576,124.4590000140894,-412.8734261877088,-5.062351521677783,18.06517,2.7625959999999985,0.5243286053579652,2.3188183011483865
377,5255326278358174720,123.38908792442224,-432.554095604149,-5.174695316008837,18.076803,2.933183,0.523612134267218,2.2558359623374606
378,5254503710524163584,141.60349164616787,-474.3744899781729,-7.150010591263197,18.082716,2.763966,0.5232483307050009,2.0569835316386795
379,5350647683011825920,136.89558644269044,-471.4046279788458,-4.916943401661087,18.089045,2.780524,0.5228592123689698,2.0693344690084903
380,5350372117912831232,134.99818663303176,-436.9754799891643,-6.132906324628351,18.091997,2.2372109999999985,0.5226778170588953,2.1862966980244933
381,5255388057168202624,119.96747388749549,-434.9731780102041,-5.711638427109193,18.094797,2.991750999999997,0.5225058200413464,2.249636913544629
382,5254469277762220288,131.05129999595846,-438.0118693893068,-9.116728415439184,18.103312,3.037026000000001,0.5219831125246716,2.2182415676386387
383,5255328924058074496,131.67961962739471,-465.697095757676,-6.015360917995878,18.104269,2.878971,0.5219243981761538,2.0661444039778445
384,5350631533933929088,135.80590414351855,-459.337730276626,-5.1014037273727695,18.10767,2.898731000000001,0.5217157917378373,2.118714333981608
385,5255289169841072512,134.5826428609234,-467.8797791586951,-9.460019207354804,18.110535,2.902879000000002,0.5215401265250449,2.0852235304313083
386,5254532843282039680,124.34276672452972,-425.60518874217166,-9.112612606501926,18.114183,2.8436850000000007,0.521316537886914,2.286188064182879
387,5254468693646583168,131.91438054722676,-440.3310239531002,-9.675206434049386,18.117579,2.903812000000002,0.5211084806681584,2.1750109812585112
388,5254493952357856256,128.8357451228842,-428.99253394261416,-7.9488220915743,18.13049,2.9568790000000007,0.5203182410453249,2.2321849691863047
389,5350573843935115904,140.02642580037693,-460.6745808974432,-4.028259882934663,18.130621,2.9222329999999985,0.5203102291127482,2.076832241512353
390,5254466322826628992,139.1765391512094,-463.5509470594116,-11.115191130617802,18.136896,3.003992,0.5199265958801724,2.0966953273191944
391,5350624971224179840,133.27047306493614,-449.6178766358738,-1.2978206384908333,18.14052,2.7657810000000005,0.5197051650908864,2.132400054139417
392,5350656376025670784,118.94835253230856,-410.17644827780936,-2.9566861357902496,18.142885,2.85521,0.5195607115815625,2.37254759271224
393,5350559859520819840,124.86703113249894,-408.4451159501899,-5.77568079386441,18.148054,2.8061310000000006,0.519245130333831,2.383726331455302
394,5255317069947964032,125.54665078679017,-437.63642975484913,-7.0783875376629055,18.161798,2.904093999999997,0.5184069545642442,2.2277891938265126
395,5254500270245579392,138.21070420956252,-459.4648540627895,-7.778152540188245,18.167292,2.6872020000000028,0.5180722824452724,2.0839183844913154
396,5255356209998952704,122.02325492244276,-441.623922554125,-8.71157393024015,18.170258,2.9106689999999986,0.5178916956114288,2.212946163380196
397,5350616656167405184,121.88140287219473,-410.02159919614223,-2.3033186083108887,18.180828,3.164769,0.517248646040811,2.3377628396158348
398,5254546381012497152,132.24732810308225,-447.2767308323163,-8.015447419346856,18.180944,3.0897310000000004,0.5172415933527842,2.1764296775103524
399,5255365895136715008,125.39707900192246,-458.42589400026975,-7.62099199217343,18.183315,2.886889999999997,0.5170974599099416,2.148947957503275
400,5350582674385324928,128.95707005770984,-430.9363520289277,-4.73949684039016,18.193144,2.896055999999998,0.516500381775281,2.222998880229845
401,5350655585751686656,122.07735649948611,-420.0591371550378,-2.9923806447778816,18.194376,2.816536,0.5164255906286356,2.2859814441743773
402,5350573397256532608,142.37336275906253,-467.6898355045978,-4.257821361811494,18.202078,3.007401999999999,0.5159582699722816,2.045412869443922
403,5350637345035743872,124.34159230521333,-420.2195324369427,-4.035084581558692,18.204046,2.996690000000001,0.5158389289582956,2.3126134963170584
404,5350375622603448960,128.69271948954704,-412.5462985577428,-4.625130408802392,18.206678,2.710688000000001,0.5156793656239135,2.313862454800637
405,5255390569757150848,124.14456420787296,-454.4111097503935,-6.414485537443852,18.210588,2.934458,0.5154424154687473,2.1226568303139497
406,5350648610726784256,119.92035203072749,-411.3942406644778,-3.937184967996302,18.221432,2.889628000000002,0.5147858270950565,2.333535703482986
407,5255313805772697344,125.91240205898605,-437.15359841575446,-8.01668369207556,18.228777,3.036078,0.5143415732438668,2.230597941770043
408,5350575355763926912,134.40991896370895,-445.1545769487834,-3.517438252905947,18.236437,2.742058,0.5138786753772342,2.1504580917245866
409,5350661259425484288,117.9584701833258,-409.3467112599303,-2.605395418344329,18.262789,2.9727940000000004,0.512289389528486,2.347354985918717
410,5350635970645636096,133.1793593548731,-454.778572981743,-4.866489283387978,18.263153,3.0213540000000023,0.5122674711846126,2.1398548312594623
411,5350630193904105600,121.84298444659024,-412.78576644738143,-4.986635982181724,18.268463,2.9967550000000003,0.5119478349134866,2.353995012615685
412,5350632942683181184,132.7148471532377,-451.64933278541,-5.670363320996984,18.271576,3.4009339999999995,0.4034780412912369,2.1570806684153583
413,5350696031472149120,124.06175984521678,-434.5633358462269,0.2745308601072622,18.27308,2.860310000000002,0.5116700759856319,2.212753925741473
414,5255315699862890624,127.192839659988,-444.1487750100517,-7.506549495737943,18.284391,2.9783159999999995,0.5109902423784687,2.1956116002735224
415,5350593497705520768,119.0900171717402,-389.5574662297007,-3.0816747873077475,18.29731,2.955005999999998,0.5102148668671201,2.4547957612540943
416,5254521607641079936,123.9694968993794,-420.398243450358,-8.66826333662101,18.314127,3.0569109999999995,0.5092073026311102,2.312405642165748
417,5350587725267537280,128.4928827193683,-428.1077072316174,-3.569625868053805,18.319828,2.954782999999999,0.5088661879269072,2.276186365896032
418,5254552497046034048,142.59417113941856,-481.1156458481271,-6.419486529426081,18.320856,2.9658809999999995,0.5088047027038195,1.9926543791804223
419,5254545762537201664,130.67497038377957,-443.40169227912855,-8.208017528300672,18.322245,2.9093909999999994,0.508721637680355,2.193731477469044
420,5254552909362842624,142.05785795704287,-480.7119816455638,-7.825591029931843,18.32228,2.9202410000000008,0.5087195447843762,1.994718259780884
421,5350592741789449088,132.59355580444577,-446.5358386917269,-3.2280364542804705,18.323566,2.839485,0.5086426517763736,2.176889558211616
422,5255332982807519104,137.4283224403072,-487.9490984309968,-7.880072318836426,18.327578,2.9661410000000004,0.5084028394059202,2.0040127535178005
423,5350658678128164864,121.68346491510614,-420.55170131399495,-2.094599830801656,18.328182,2.6127010000000013,0.5083667458415854,2.328202389500221
424,5350647068843456768,135.05412395785083,-464.5271248666095,-5.2806526335246815,18.332615,2.3920499999999976,0.5081019189986199,2.1035807195868066
425,5350673349739853184,123.81503120560426,-421.4918674044287,-0.9679218875870106,18.335323,2.975211999999999,0.5079402113137131,2.319707922856007
426,5351421773558976768,129.07629791571782,-461.6913270416717,-4.0930664144303535,18.340075,2.900279000000001,0.5076565709564457,2.115889461253232
427,5255298275171743232,116.43469055694962,-412.9394251608243,-9.33136046360707,18.343616,3.0359750000000005,0.5074453165178093,2.3605816010631027
428,5350634012152406144,136.24784339811242,-465.1239105785282,-5.73094017621861,18.353891,2.761242000000003,0.50683281224126,2.10734594177972
429,5350637546887641600,124.41527315051113,-419.2519832566839,-3.763253962511442,18.365086,2.499274,0.506166307274731,2.286554860635345
430,5350405343775501568,134.2626663712674,-437.2145107226447,-3.740841469747664,18.37986,2.979423999999998,0.5052880645349835,2.228918097765668
431,5350635416584451072,123.0253278710891,-418.4591837966783,-4.190237375572252,18.383057,2.874185999999998,0.5050982190120229,2.292583972091624
432,5350630090824901888,138.48489770012858,-468.5320184882328,-5.4241233128081205,18.390577,3.061188999999999,0.5046519445538984,2.0466648793119955
433,5350475575082306688,136.7716932887014,-433.49671344302567,1.546198966494444,18.401314,2.787991999999999,0.5040154405197058,2.2292160033776907
434,5350382666353408512,145.69943031987134,-459.8727635450927,-4.361248355268543,18.4036,2.8274870000000014,0.5038800270075041,2.072876998264176
435,5351437480278933248,122.53340904996818,-429.3741411897074,-1.6288925161742611,18.405748,2.779409000000001,0.50375282121783,2.2395462149165395
436,5350667680379011456,118.95943316306236,-405.241848523658,-1.0532495234076862,18.411505,3.023102000000001,0.5034120467345378,2.367745065981155
437,5350587793989146496,128.731419549301,-429.61350165763656,-3.756424656192621,18.425917,2.6021,0.5025599668063112,2.2296466450077808
438,5254545109702168192,124.5025632569365,-421.8787155708821,-7.777078332971968,18.427406,2.9085019999999986,0.5024720149793017,2.302732788148427
439,5254275557556490240,134.22858847896163,-426.70355936942326,-7.601380547036143,18.434942,2.754427,0.5020271167124761,2.235224213715287
440,5254551985988313856,135.39502006312978,-457.336520735249,-6.542743846868831,18.439022,3.011482000000001,0.501786412613288,2.125978406773811
441,5351409992485428096,121.30942140927004,-429.39371564181175,-3.559159238348059,18.442,3.0843190000000007,0.5016107950835842,2.270188366205224
442,5350581128197636864,131.63972320450648,-441.24801937054303,-5.7610900659064725,18.442558,2.9959659999999992,0.5015778957490649,2.202258589985612
443,5254535596372761728,137.47425695662884,-472.2719230179909,-10.464220884173416,18.44376,3.0680310000000013,0.5015070339034601,2.063022453216836
444,5350560581075326464,130.46727925576835,-423.8815617637416,-5.551642168299026,18.458668,3.108011000000001,0.5006289899959104,2.2945229179245548
445,5350561749306459392,132.43425410931627,-432.8942913830258,-5.472859570525969,18.459352,2.8980180000000004,0.5005887410120561,2.208812344592113
446,5350595082568180736,125.18027344442169,-411.0491694042784,-2.7557256629407334,18.46117,2.9296690000000005,0.5004817791791561,2.32722377807358
447,5350591504838834048,129.8264653255655,-434.28992737101527,-3.125717914922575,18.477861,3.0923820000000006,0.4995008335116867,2.206090018544336
448,5351406384713808896,118.9775713387214,-418.3285882751912,-3.394174337660957,18.479286,2.894441999999998,0.4994171740641269,2.3392551038954066
449,5350617102847310336,128.4715238593642,-433.2600813618882,-2.13141582582216,18.484665,2.95965,0.4991015079155891,2.212823891348737
450,5350601301663714688,122.68365442694584,-405.8353959373994,-1.9469755412122247,18.489517,2.876007999999999,0.4988169398783332,2.358612330935419
451,5255596105383814400,114.37782851584666,-429.1777766423317,-5.690350309428965,18.49726,2.935134000000001,0.4983631517651707,2.2803640344356566
452,5254253567329260288,138.18343764850067,-441.5030565060717,-10.70522404717667,18.49951,2.8072099999999978,0.4982313651523664,2.161010957558604
453,5350640261307678464,134.77036785021295,-456.5382425694778,-2.8303761282290907,18.504675,3.210685999999999,0.4979289734666912,2.100737284043543
454,5350572057226727936,136.07461420206835,-448.39196185286784,-4.42852423559799,18.506578,3.0719860000000025,0.4978176061139011,2.133990446320128
455,5254561812873626368,135.87756909028593,-466.926992644056,-8.679387609068783,18.507467,2.810919000000002,0.4977655885984821,2.084885457653144
456,5350608272391281152,139.42614457696212,-462.9824698771988,-1.1886906593665287,18.519642,2.9444370000000006,0.497053746939876,2.109232870223827
457,5350637890485625856,133.08168853051683,-449.8983182346128,-3.9879866242636695,18.521593,3.0559179999999984,0.4969397715446572,2.160405664563513
458,5254496078358231936,129.66946017198472,-428.7988252400723,-7.610122450920016,18.52364,3.076590000000003,0.4968202160243459,2.231939830666477
459,5350584156148411008,125.97340848051364,-423.9174678356828,-4.343928313185273,18.531942,2.911128999999999,0.4963356305576434,2.261111746314824
460,5350659708920303104,121.70554184744311,-421.5273499305928,-2.758167141024046,18.545006,2.8749199999999995,0.4955740453502489,2.315102023051072
461,5350583881297221888,132.17990245857925,-443.8517797988167,-4.64247784890739,18.549631,2.708504999999999,0.4953047043132632,2.19562726049154
462,5350773130416607232,123.2842345120827,-422.43733422387766,1.7373385661998384,18.55049,3.070447999999999,0.4952546957964719,2.272402620697068
463,5351409060455827840,123.41046495653649,-435.0337671421263,-3.651970421320272,18.566345,3.1063779999999994,0.4943325692915328,2.211340489980788
464,5350580990758664704,135.95614203657354,-455.5989966853721,-6.178682010714141,18.570541,3.133374999999998,0.49408881745793,2.1030845611497493
465,5350588966532451712,137.84221618040587,-461.917252018302,-4.714087822628414,18.573853,2.8229940000000013,0.4938965033691491,2.0743930624690363
466,5254559128476447360,137.13837946245582,-469.80698908708416,-8.32089609660565,18.574879,3.072614000000001,0.4938369429963992,2.0721358730265886
467,5351432768673467520,124.14311850056224,-445.6706738507653,-1.5941409359574266,18.5756,3.0536749999999984,0.4937950924897657,2.161504661082561
468,5350651977979141760,128.5146009038686,-446.3403443976679,-4.525170018040569,18.578682,3.0016389999999973,0.4936162375156931,2.181788820888312
469,5350612532998748288,127.5673788687012,-426.3333976058788,-2.621636567697152,18.583046,3.073664000000001,0.4933630961735881,2.24710321085347
470,5350575321401965440,127.52943148348588,-422.0558458456979,-3.295596430208803,18.583681,3.025504999999999,0.4933262727248109,2.268012493996016
471,5255325247566440960,127.19556161676272,-444.1130259968005,-5.444991709318856,18.59191,3.250432,0.4928493241373589,2.164498419043357
472,5350411532847190016,130.7898795270481,-422.3015096438901,-1.1540474388293944,18.60397,2.7248839999999994,0.492151165736198,2.261969421062099
473,5255466603529111936,120.22485775686977,-448.4958650581662,-10.18502770336869,18.607103,3.0297680000000007,0.4919699569588132,2.181161775229992
474,5254555181434476288,136.10973392680893,-461.3632888892873,-6.642689954003231,18.608074,2.708402000000003,0.4919138090855324,2.078709785243208
475,5350655212111357440,122.10850544542798,-419.4485888204281,-3.2854327030024706,18.610079,2.7403150000000025,0.4917978906533856,2.319744453256283
476,5255321124397277952,130.14590373574475,-457.0546921206802,-6.609055222072783,18.61106,3.241004,0.4917411844054483,2.1332705651848425
477,5350648542004563968,123.6116231872168,-423.7834357799052,-4.087428381190364,18.611477,2.846385000000001,0.4917170818951669,2.304703213975486
478,5350580303563899008,121.08638072430618,-404.90953144524406,-5.3524909666384985,18.623278,3.0333599999999983,0.4910354762000262,2.365962528340995
479,5350647511213130496,119.96682385013467,-413.2770124127146,-4.553106419944044,18.634777,2.7935540000000003,0.4903722223874165,2.351479198124082
480,5350570721511848192,119.872192732803,-392.7413784152847,-3.2999576590191,18.635143,3.197256000000003,0.4903511264957199,2.435217195709697
481,5254291122518036736,138.10249929368206,-447.0931619146464,-8.062966821128526,18.642126,2.977073999999998,0.4899488068153516,2.1747387860618783
482,5350611948883177984,130.5652035569297,-435.6341481599574,-2.7936373172972537,18.65305,3.237613,0.489320091731012,2.198826371787414
483,5350580475362589952,134.73869959293856,-449.427874975728,-5.785901809725715,18.655659,3.014419,0.4891700538856587,2.1692134134830625
484,5350615659734979072,122.23767319655076,-409.9980994321011,-2.26706924490216,18.659288,3.16836,0.4889614345833792,2.337331529826572
485,5254504019790059136,136.83424029059108,-458.1185645550112,-6.655005787748308,18.66152,2.873777999999998,0.4888331684182739,2.0913340221632897
486,5350582021550838016,122.86568901300508,-409.7665716212897,-4.966729132824128,18.663652,3.0902230000000017,0.4887106803650597,2.3374358652193403
487,5350616965408354048,126.08201054157183,-425.1006100553161,-2.274955895210496,18.663952,2.9063370000000006,0.488693447173712,2.2931683826047835
488,5351425003373352960,131.72498709733523,-472.8624426487801,-3.919830304330276,18.667177,2.844164000000003,0.4885082287415251,2.064461967606166
489,5350581952831394816,142.01156276929956,-477.0985378970523,-5.762203380178136,18.667343,3.0565469999999983,0.4884986969174723,2.036593254068396
490,5350581540514501376,129.4556116936264,-433.7359311947266,-5.538065469587792,18.669415,3.367093000000001,0.4883797370264229,2.2090816319747466
491,5350590718879186048,123.35144851503956,-415.2236553210874,-3.529904221053556,18.674223,2.883607999999999,0.4881038065550202,2.336873232165704
492,5254485907875694208,129.7766098078422,-426.6272334630565,-6.990777518469628,18.674932,2.9362299999999983,0.4880631303323937,2.24223342659668
493,5350579169692555264,131.91946339494842,-438.97668627249806,-5.162110631208236,18.677176,3.010208000000002,0.4879344115684244,2.181504177607843
494,5350564532445269760,121.100976336829,-397.5029123103785,-5.174483024370886,18.678331,2.713215999999999,0.4878681724972136,2.406317013152113
495,5350647098896264832,135.19060729102233,-465.14833376480806,-5.406287410406577,18.680597,2.9581920000000004,0.487738243873633,2.0920781134465645
496,5254560365427038720,138.04439497390686,-472.6546593120473,-7.868182045014066,18.686428,3.3255370000000006,0.4874040632153327,2.0306061245278344
497,5254503019029944832,137.12499916978402,-456.9576458624239,-6.450293963496904,18.687922,3.093828000000002,0.4873184773802603,2.1318780773553616
498,5350655585751689472,140.18373132704366,-482.724919565132,-3.339358932053841,18.688927,2.9676560000000016,0.4872609130347634,2.022856894557938
499,5254484533489762432,146.99208262591935,-483.8763081041442,-8.242388371141999,18.691076,3.0229019999999984,0.487137845522415,1.977153941798572
500,5350588103224683264,129.46089227864505,-431.317901468822,-3.36929191250502,18.691814,2.907868000000001,0.487095589396448,2.220541787946193
501,5350573981374074880,145.3925941465643,-478.3644522114927,-3.956056748166162,18.692314,3.266281,0.4870669626677703,2.0000511781352786
502,5350578246273247488,138.1216336458374,-457.4999185117156,-5.363460612712885,18.692822,2.928599999999999,0.4870378796344261,2.0923774935200288
503,5254567580978606464,130.6664067795761,-449.2888325682521,-6.741042467205944,18.698507,3.349702999999998,0.4867125314453746,2.165865716093058
504,5254546862055728512,128.27831703470716,-433.52790808551015,-7.403179028521009,18.70031,2.852259,0.4866093925400057,2.211563701364639
505,5350590645845357184,135.32794822457126,-456.0097846551967,-3.9567166544350414,18.700676,2.8944309999999973,0.4865884585258529,2.1300967459473688
506,5254499892286506368,123.75417560676188,-411.5503065116209,-6.127434781125203,18.720585,3.064481999999998,0.485451084076904,2.3266745460029368
507,5351434898977294336,124.8494991403177,-451.60905196424,-1.972570124763763,18.729315,3.032965000000001,0.4849531897326772,2.1342297421966405
508,5254545556378753664,120.95787868387862,-411.3575770726791,-7.955890586635348,18.743143,3.009463,0.4841655881671169,2.3589796954939586
509,5350565563237640576,144.59374616942267,-476.0559057051576,-6.073170994924993,18.753649,3.176621000000001,0.4835680530047559,2.009777392773617
510,5350634420151999744,139.21646084462077,-474.4234708776821,-5.290158008477846,18.754862,2.935687000000001,0.483499110394219,2.0224242204061142
511,5350612155041043072,135.51361560210748,-452.7192653584801,-2.821728430556988,18.757542,3.0099410000000013,0.4833468235621444,2.116068579091362
512,5350587828346744064,122.87992946173446,-409.74971747685294,-3.5305109070360743,18.759033,3.09206,0.4832621205726428,2.337579656375272
513,5350588725993736832,143.11236550223887,-478.4668092171439,-4.837517801825442,18.768888,2.749107000000002,0.4827026359580728,2.0345746843662584
514,5254550847778553984,130.00120431187318,-436.469807529497,-6.391000311748428,18.769136,3.0437439999999967,0.4826885649470344,2.1955653459216435
515,5351403391098973824,115.46493242352552,-404.32994719065294,-4.368718475995991,18.777758,3.0432370000000013,0.482199625295063,2.4050822116643222
516,5254498277381544704,129.5044570961071,-428.4948825262027,-6.841061359420337,18.784382,2.856079000000001,0.4818243254263036,2.2336899788493394
517,5350584426732549504,134.33148103346002,-445.1371205580888,-4.617423979247832,18.784967,3.1588899999999995,0.4817911947776427,2.150595703019133
518,5254500991805080192,134.07900594685435,-447.2886528469997,-7.312462844710836,18.800035,3.0411269999999995,0.4809386244600444,2.1412844672165545
519,5254553596564748544,135.93633967155995,-460.1259510139484,-6.824865994518973,18.80205,3.086795000000002,0.4808247271258613,2.111106848881431
520,5350406580732316544,126.78230243404072,-411.7361367495362,-2.745374803600356,18.803938,1.7582470000000008,0.4807180329096983,2.32114210583534
521,5350578692950040320,135.32106127500654,-449.06364798789895,-4.922839377790069,18.814556,3.26136,0.4801184317998085,2.16841534577862
522,5254473061673778176,126.91470163676746,-413.4015145296021,-8.23574153799754,18.81459,3.0872100000000025,0.4801165130130595,2.3120167929779414
523,5254485259350731136,123.52821095995354,-404.04460739846655,-6.462454810084893,18.855059,2.9683620000000026,0.4778380768583157,2.399271851695521
524,5350628682077342976,131.13461695389293,-442.38698462920456,-5.644874119544426,18.858541,3.019960000000001,0.4776425434680459,2.167090705025984
525,5350651256427031552,124.13056488446054,-430.7879362119714,-4.25724492671327,18.866776,2.858779999999999,0.4771804213956375,2.264286233043161
526,5350580063045720832,128.51416065709128,-428.90745590923,-5.667343741119623,18.869678,3.0389789999999977,0.4770176769267267,2.233224581310871
527,5350560688451443456,131.89548260247244,-429.3392054946135,-5.473168240346496,18.879305,2.927902999999997,0.4764781911146412,2.226301866588704
528,5254495975282600448,124.28682927261208,-410.516935263816,-7.359195482920882,18.883516,2.923903,0.4762424034545274,2.3597633198880947
529,5350402599323686400,121.23601662743488,-390.2395931649624,-2.702810757114662,18.896679,2.854115,0.4755061161851466,2.4470994798363948
530,5350592260755486720,126.06177786352237,-424.9114418274232,-3.4220630235857925,18.93189,3.030712000000001,0.4735421395288415,2.256163920815829
531,5350501860284878848,140.63588273962387,-452.43692900629,0.4681234664618898,18.93641,3.1546590000000023,0.4732906140500389,2.141437591797677
532,5350564601164998784,120.7579575199545,-395.7364008462871,-5.060915230381113,18.947523,3.055295000000001,0.4726727742694215,2.41673255592873
533,5254555967379619584,140.74233947121468,-478.4633943267548,-6.438605667680889,18.955286,3.0043380000000006,0.4722416600711508,2.004909693933804
534,5350408470518020864,132.74232009517357,-426.32781560187874,-2.3826517624764847,18.961054,3.0416599999999967,0.4719215918066478,2.264804937080499
535,5254565175790355456,136.46626511324376,-472.0699694626494,-7.759647178488137,18.981518,2.9983239999999967,0.4707877866387116,2.062580998693532
536,5350624524551290368,119.91647234248546,-402.7915794836253,-0.6959254063938545,18.983528,2.959871,0.4706765698823633,2.410034935509027
537,5254497869368524416,133.12871130947389,-442.29385464722895,-7.118035351367922,18.989073,3.42484,0.4703698916947773,2.1647365875831515
538,5350637237652994048,137.8384664577373,-465.0364635498247,-4.255931895030642,19.02405,3.1133710000000008,0.4684400135175192,2.061630135752521
539,5255319818727110912,119.3275476224616,-419.7661575547056,-6.900981918555772,19.063534,3.1721520000000005,0.4662709713396528,2.314156903212763
540,5350646553444902144,119.4547105990688,-409.3761021643924,-4.4422701008503225,19.1063,3.2421780000000027,0.4639329623555757,2.344822480577667
541,5350599304501987968,127.1958618851298,-421.0434005071073,-2.55813069761004,19.123075,3.065366000000001,0.4630190807395908,2.273532567505526
542,5350644728076861056,132.74818092303107,-453.7848052615556,-3.212583538396899,19.207893,2.7185740000000003,0.4584257885438229,2.114996731462086
543,5350638513266907520,122.37339900802807,-415.2687207930381,-3.7518092241865872,19.327545,3.072406000000001,0.4520234471852639,2.311815471675656
544,5350372294032416512,133.86697259835853,-434.1102008227582,-6.089891374983552,11.420641,0.6247369999999997,0.7163864947353851,
545,5350695481725688704,124.134875753662,-434.27442334960654,-0.0917979916920899,11.489039,0.6989419999999988,0.7701076215001592,
546,5351430054251413760,122.5921229496005,-439.3880381466985,-2.653946648666505,11.653486,0.6407710000000009,0.6499265100232776,
547,5254496593752702592,129.71566965843903,-428.9997990580274,-7.278085147284088,12.126575,0.8215979999999998,0.7198464278563677,
548,5350406030970030464,132.5790860437363,-431.9493772355929,-3.1367713315504204,12.295219,0.8186490000000006,0.6842931441177668,
549,5254557139949145728,125.82111446156776,-429.3723459567216,-5.572005667066065,12.614541,0.8603850000000008,0.6387983943713316,
550,5350596903634100224,128.25364640136428,-420.9252959414016,-2.261361647096436,12.857942,0.9812570000000012,0.8098303753413915,
551,5350641433856242944,131.0960466417103,-445.4550594669034,-4.067373117095116,12.862247,0.949738,0.7873287289671183,
552,5350665107717108864,124.60373915030226,-423.6243310869788,-2.116171683889291,13.339901,1.078614,0.765316539733039,
553,5350509492465234560,131.82962315835607,-427.8664995798839,-0.8117604117828705,13.358287,1.100213,0.7988279033208938,
554,5254501889486412288,129.74852591500488,-433.4880037381114,-6.921260187269326,13.364948,1.1040140000000012,0.8150213354010294,
555,5351413462820077696,120.29613987111388,-421.3218840626091,-2.228232750229012,13.790748,1.2499580000000012,0.7726996739814318,
556,5350559829474909696,134.80726966412576,-441.117839057166,-6.312015582300205,14.331031,1.4779785000000007,0.7527811602709162,
557,5351476478583825664,113.45788332575272,-412.9650092725293,-2.523995012704063,14.755197,1.4845724999999987,0.6028888794822933,
558,5350650333028178048,129.62648613817805,-447.9354878721109,-5.038293061485859,14.933447,1.6112850000000003,0.6921925798761784,
559,5350633324957795968,127.04768398756435,-431.3679602763367,-4.884800129461695,15.420201,1.765338,0.5982821490678383,
560,5350299176505177728,139.70580578098867,-435.23416171590793,-7.670331088259189,15.466432,1.868379000000001,0.6507527934460774,
561,5350630370020303872,128.5526552638184,-436.064832818344,-4.931533959115654,15.719129,1.7780330000000006,0.5175692079974326,
562,5254570334088697216,126.73752148132228,-436.37528250190815,-5.366652910078301,15.766482,1.7981520000000015,0.5109807130513282,
563,5350568488129099648,135.70560061795396,-444.3485980647303,-4.613526160874443,15.809678,1.7976340000000004,0.5074536139821717,
564,5350617038440172800,130.101709817203,-439.23897593476784,-2.2500151507386192,15.890885,2.008668000000002,0.5895544097279739,
565,5350613155790308096,130.93270540480012,-436.138411530539,-2.413680234470121,16.036127,2.227561,0.5566019703640581,
566,5350625525295777280,132.1285944306416,-446.0854086244449,-0.9040556458418224,16.07866,2.083824,0.5774233372211003,
567,5350501624085022080,133.23105641092337,-427.33461357166,0.7736477599880232,16.09084,2.3317130000000024,0.5204386769157452,
568,5255316936834813184,124.33491311528536,-432.8984446989936,-6.447014770875711,16.173853,2.39977,0.5076524235844175,
569,5254275012147188096,130.28484062859678,-414.09419668087617,-7.678747486349806,16.364882,2.13926,0.47105109928773103,
570,5254489073303373824,129.93624610039825,-430.5337225417615,-8.504757361863142,16.412186,2.181958,0.5033300607727327,
571,5350563093649735808,132.91674712581718,-436.2707858328737,-6.009104816010506,16.522003,2.257432999999999,0.5160236939386813,
572,5350696027160599168,119.76276450595252,-419.5227322564465,0.2672965101953366,16.706911,2.4260230000000007,0.5110955326240223,
573,5350407787644654336,137.88113088223267,-448.5716797027984,-2.6139578255960885,16.874512,2.7025669999999984,0.3593365497381562,
574,5350410295905648768,130.07871338422112,-421.2903281982631,-2.0170406405205483,16.876272,2.474464000000001,0.49888939251700126,
575,5254550817757199104,134.70757368687163,-452.2538243839636,-6.675861456051706,16.895222,2.571798000000001,0.36011630397722527,
576,5350574569781975936,130.1289272451238,-430.13112051481966,-3.7068997524282,16.91397,2.776558,0.36441568111855993,
577,5350588176258635648,131.39783485719605,-437.9040869486034,-3.406196534958013,16.97393,2.745321000000001,0.3506320804150844,
578,5350581991505417344,119.36135041387575,-401.1383338365174,-4.768027360742877,17.031534,2.658099,0.36248474642689116,
579,5254555353242627328,125.20111218494776,-425.2244944197512,-6.125403038213534,17.042118,2.553965999999999,0.4839600702301641,
580,5351472973889915008,115.49858678149658,-418.8636871165356,-3.712913057085501,17.051498,2.539917000000001,0.47286669470046405,
581,5350640368704419200,133.05169868956813,-451.5570767244658,-3.430166177377231,17.112986,2.661403,0.35247629140061854,
582,5254539685201055360,134.80944801445978,-450.7867734184777,-9.278230364769172,17.162163,2.8499089999999985,0.3464091421267028,
583,5350592161988268288,128.09535234253013,-431.0810826162623,-3.2154537153209617,17.17038,2.664481000000002,0.3618488138582325,
584,5350384384336731776,135.882996144593,-429.254551528535,-3.873867524896241,17.211449,2.6925190000000008,0.3646025506446593,
585,5350643598519818496,131.08376809774015,-446.0010245096069,-3.3868675782809703,17.21662,2.813229,0.3437763353758694,
586,5350647786090921088,136.00838513012346,-469.4994562935146,-5.095909550887228,17.261477,2.869769999999999,0.3479101332891119,
587,5350644732391195392,131.8989641267983,-450.93961215180457,-3.1770948197003293,17.286314,2.705527999999997,0.3595730152903002,
588,5255280167585620608,122.48984412047224,-426.1742530025943,-10.440089322837736,17.368692,2.73142,0.36499985062018453,
589,5351403116221069568,127.32202295601782,-444.8655010534188,-4.431735136576748,17.432,2.795774999999999,0.35223266962213007,
590,5350585736717076352,139.1525158225717,-463.7036437830924,-4.663982153415418,17.437258,2.8084719999999983,0.34786159577923215,
591,5254524154598304384,123.97863603535204,-423.2898221515155,-10.503286969132605,17.444197,2.870031000000001,0.34170318121866217,
592,5350336147585436800,141.19605133467996,-442.2299007648096,-4.091163749032688,17.542578,3.055,0.31816619537913304,
593,5350596972338527872,128.21599199243903,-421.2886296604874,-2.190200036033417,17.548397,2.884041,0.33446962026727434,
594,5254512364875774848,124.99937316901168,-422.1572110171869,-10.3201365137665,17.559093,2.989538,0.3323643753755463,
595,5350568518173632256,129.9940378450057,-425.52306257445423,-4.373293979578477,17.56882,3.025456000000002,0.3255209143814688,
596,5350630296983346944,128.26176481867566,-434.4605180465544,-4.920491640172401,17.599018,2.9840040000000023,0.33224820618045214,
597,5254483713183647104,145.42244202813492,-477.52519594268085,-8.670370663373262,17.60738,2.950477,0.3282235044589754,
598,5350575428775661952,133.43871342123933,-440.3840885500962,-6.411773363146295,17.609627,3.039556000000001,0.2994631980711952,
599,5254552913704901888,131.0287226569805,-443.4682469817413,-7.210864798315868,17.621782,2.890620000000002,0.3370845266087321,
600,5254558132050120576,119.67439059763372,-408.758482943049,-7.413402587712909,17.624186,3.089652000000001,0.3161980555413124,
601,5350651226381960192,136.17046758211256,-472.25030328663433,-4.860047314599257,17.641642,3.173074,0.3253593308565428,
602,5350615045575275136,132.56824533361788,-443.5890315372283,-2.9543442043664925,17.642702,2.880623,0.3369996675856428,
603,5350594532812055168,125.3491529487072,-411.3685042640428,-3.1816003022496204,17.757673,2.9212130000000016,0.41434163722455647,
604,5350577937056319744,126.67360211562824,-419.5706812185245,-5.207869467648095,17.764957,3.0765990000000016,0.31417385964408595,
605,5255327485274136576,125.13109862277626,-439.040009902696,-5.881644920175745,17.852755,2.9415380000000013,0.3242909044553208,
606,5350631774452100352,136.79677763927566,-463.2440269977801,-5.197135991715328,18.047823,3.0954629999999987,0.31246735789914787,
607,5350632942683181184,132.7148471532377,-451.64933278541,-5.670363320996984,18.271576,3.4009339999999995,0.2677009991538215,
